-- SportingRank MySQL Database Export
SET SQL_MODE = "NO_AUTO_VALUE_ON_ZERO";
SET time_zone = "+00:00";
SET FOREIGN_KEY_CHECKS=0;

DROP TABLE IF EXISTS `sports`;
CREATE TABLE `sports` (
  `id` int(11) NOT NULL AUTO_INCREMENT,
  `name` varchar(100) NOT NULL,
  `slug` varchar(100) NOT NULL,
  `icon` varchar(10) DEFAULT '🏆',
  `governing_body` varchar(150) DEFAULT NULL,
  `ranking_type` varchar(100) DEFAULT NULL,
  `description` text DEFAULT NULL,
  `hero_image` varchar(255) DEFAULT NULL,
  `label_national` varchar(100) DEFAULT 'National',
  `label_club` varchar(100) DEFAULT 'Leagues',
  `sort_order` int(11) DEFAULT 0,
  `is_active` int(11) DEFAULT 1,
  `created_at` datetime DEFAULT CURRENT_TIMESTAMP,
  `updated_at` datetime DEFAULT CURRENT_TIMESTAMP,
  PRIMARY KEY (`id`),
  UNIQUE KEY `slug` (`slug`)
) ENGINE=InnoDB DEFAULT CHARSET=utf8mb4;

INSERT INTO `sports` (id, name, slug, icon, ranking_type, sort_order, label_national, label_club, hero_image) VALUES
(1, 'Soccer / Football', 'soccer', '⚽', 'FIFA Points', 1, 'National', 'Leagues', 'https://images.unsplash.com/photo-1540747913346-19e32dc3e97e?q=80&w=2000'),
(2, 'Basketball', 'basketball', '🏀', 'FIBA Points', 2, 'National', 'Leagues', 'https://images.unsplash.com/photo-1540747913346-19e32dc3e97e?q=80&w=2000'),
(3, 'Cricket', 'cricket', '🏏', 'ICC Rating', 3, 'National', 'Leagues', 'https://images.unsplash.com/photo-1540747913346-19e32dc3e97e?q=80&w=2000'),
(4, 'Tennis', 'tennis', '🎾', 'ATP/WTA Points', 4, 'Men Singles', 'Women Singles', 'https://images.unsplash.com/photo-1540747913346-19e32dc3e97e?q=80&w=2000'),
(5, 'American Football', 'american-football', '🏈', 'NFL Rankings', 5, 'National', 'Leagues', 'https://images.unsplash.com/photo-1540747913346-19e32dc3e97e?q=80&w=2000'),
(6, 'Field Hockey', 'field-hockey', '🏑', 'FIH Points', 6, 'National', 'Leagues', 'https://images.unsplash.com/photo-1540747913346-19e32dc3e97e?q=80&w=2000'),
(7, 'Volleyball', 'volleyball', '🏐', 'FIVB Points', 7, 'National', 'Leagues', 'https://images.unsplash.com/photo-1540747913346-19e32dc3e97e?q=80&w=2000'),
(8, 'Rugby Union', 'rugby', '🏉', 'World Rugby Points', 8, 'National', 'Leagues', 'https://images.unsplash.com/photo-1540747913346-19e32dc3e97e?q=80&w=2000'),
(9, 'Baseball', 'baseball', '⚾', 'WBSC Points', 9, 'National', 'Leagues', 'https://images.unsplash.com/photo-1540747913346-19e32dc3e97e?q=80&w=2000'),
(10, 'Ice Hockey', 'ice-hockey', '🏒', 'IIHF Points', 10, 'National', 'Leagues', 'https://images.unsplash.com/photo-1540747913346-19e32dc3e97e?q=80&w=2000'),
(11, 'BOXING', 'boxing', '🥊', 'P4P Ranking', 11, 'Men P4P', 'Women P4P', 'https://images.unsplash.com/photo-1540747913346-19e32dc3e97e?q=80&w=2000'),
(12, 'MMA', 'mma', '🥋', 'P4P Ranking', 12, 'Men P4P', 'Women P4P', 'https://images.unsplash.com/photo-1540747913346-19e32dc3e97e?q=80&w=2000'),
(13, 'Kabaddi', 'kabaddi', '🤼‍♂️', 'Points', 13, 'National Team', 'Pro Kabaddi', 'https://images.unsplash.com/photo-1540747913346-19e32dc3e97e?q=80&w=2000'),
(14, 'Golf', 'golf', '⛳', 'OWGR Points', 14, 'Men Rankings', 'Women Rankings', 'https://images.unsplash.com/photo-1540747913346-19e32dc3e97e?q=80&w=2000'),
(15, 'Table Tennis', 'table-tennis', '🏓', 'ITTF Points', 15, 'Men Singles', 'Women Singles', 'https://images.unsplash.com/photo-1540747913346-19e32dc3e97e?q=80&w=2000'),
(16, 'Badminton', 'badminton', '🏸', 'BWF Points', 16, 'Men Singles', 'Women Singles', 'https://images.unsplash.com/photo-1540747913346-19e32dc3e97e?q=80&w=2000'),
(17, 'Cycling', 'cycling', '🚲', 'UCI Points', 17, 'World Tour', 'Women Tour', 'https://images.unsplash.com/photo-1540747913346-19e32dc3e97e?q=80&w=2000'),
(18, 'Formula 1', 'formula-1', '🏎️', 'F1 Points', 18, 'Drivers', 'Constructors', 'https://images.unsplash.com/photo-1540747913346-19e32dc3e97e?q=80&w=2000'),
(19, 'Horse Racing', 'horse-racing', '🏇', 'TRC Rating', 19, 'Jockeys', 'Horses', 'https://images.unsplash.com/photo-1540747913346-19e32dc3e97e?q=80&w=2000'),
(20, 'Handball', 'handball', '🤾', 'IHF Points', 20, 'National Men', 'National Women', 'https://images.unsplash.com/photo-1540747913346-19e32dc3e97e?q=80&w=2000'),
(21, 'Triathlon', 'triathlon', '🏊', 'WT Points', 21, 'Men Rankings', 'Women Rankings', 'https://images.unsplash.com/photo-1540747913346-19e32dc3e97e?q=80&w=2000');

DROP TABLE IF EXISTS `teams`;
CREATE TABLE `teams` (
  `id` int(11) NOT NULL AUTO_INCREMENT,
  `sport_id` int(11) NOT NULL,
  `rank_position` int(11) NOT NULL,
  `team_name` varchar(150) NOT NULL,
  `team_type` varchar(20) DEFAULT 'national',
  `country_code` char(2) DEFAULT NULL,
  `points` decimal(10,2) DEFAULT 0.00,
  `trend` varchar(10) DEFAULT 'same',
  `matches_played` int(11) DEFAULT 0,
  `wins` int(11) DEFAULT 0,
  `losses` int(11) DEFAULT 0,
  `draws` int(11) DEFAULT 0,
  `is_active` int(11) DEFAULT 1,
  `votes` int(11) DEFAULT 0,
  `notable_achievement` varchar(255) DEFAULT NULL,
  PRIMARY KEY (`id`),
  KEY `sport_id` (`sport_id`)
) ENGINE=InnoDB DEFAULT CHARSET=utf8mb4;

INSERT INTO `teams` (sport_id, rank_position, team_name, team_type, country_code, points, matches_played, wins, losses, draws) VALUES
(1, 1, 'Argentina', 'national', 'ar', 1500, 40, 37, 1, 2),
(1, 2, 'France', 'national', 'fr', 1485, 40, 37, 1, 2),
(1, 3, 'Spain', 'national', 'es', 1470, 40, 37, 1, 2),
(1, 4, 'England', 'national', 'gb', 1455, 40, 37, 1, 2),
(1, 5, 'Brazil', 'national', 'br', 1440, 40, 37, 1, 2),
(1, 6, 'Belgium', 'national', 'be', 1425, 40, 37, 1, 2),
(1, 7, 'Portugal', 'national', 'pt', 1410, 40, 37, 1, 2),
(1, 8, 'Netherlands', 'national', 'nl', 1395, 40, 37, 1, 2),
(1, 9, 'Italy', 'national', 'it', 1380, 40, 37, 1, 2),
(1, 10, 'Colombia', 'national', 'co', 1365, 40, 37, 1, 2),
(1, 1, 'Real Madrid', 'club', 'es', 2500, 41, 33, 1, 7),
(1, 2, 'Man City', 'club', 'gb', 2480, 41, 33, 1, 7),
(1, 3, 'Liverpool', 'club', 'gb', 2460, 41, 33, 1, 7),
(1, 4, 'Bayer Leverkusen', 'club', 'de', 2440, 41, 33, 1, 7),
(1, 5, 'Inter Milan', 'club', 'it', 2420, 41, 33, 1, 7),
(1, 6, 'Arsenal', 'club', 'gb', 2400, 41, 33, 1, 7),
(1, 7, 'Bayern Munich', 'club', 'de', 2380, 41, 33, 1, 7),
(1, 8, 'Barcelona', 'club', 'es', 2360, 41, 33, 1, 7),
(1, 9, 'PSG', 'club', 'fr', 2340, 41, 33, 1, 7),
(1, 10, 'Borussia Dortmund', 'club', 'de', 2320, 41, 33, 1, 7),
(2, 1, 'USA', 'national', 'us', 1380, 39, 35, 1, 3),
(2, 2, 'Serbia', 'national', 'rs', 1365, 39, 35, 1, 3),
(2, 3, 'Germany', 'national', 'de', 1350, 39, 35, 1, 3),
(2, 4, 'France', 'national', 'fr', 1335, 39, 35, 1, 3),
(2, 5, 'Canada', 'national', 'ca', 1320, 39, 35, 1, 3),
(2, 6, 'Spain', 'national', 'es', 1305, 39, 35, 1, 3),
(2, 7, 'Australia', 'national', 'au', 1290, 39, 35, 1, 3),
(2, 8, 'Argentina', 'national', 'ar', 1275, 39, 35, 1, 3),
(2, 9, 'Latvia', 'national', 'lv', 1260, 39, 35, 1, 3),
(2, 10, 'Lithuania', 'national', 'lt', 1245, 39, 35, 1, 3),
(2, 1, 'Celtics', 'club', 'us', 100, 34, 28, 3, 3),
(2, 2, 'Nuggets', 'club', 'cn', 98, 34, 28, 3, 3),
(2, 3, 'Real Madrid', 'club', 'in', 96, 34, 28, 3, 3),
(2, 4, 'Panathinaikos', 'club', 'gb', 94, 34, 28, 3, 3),
(2, 5, 'Mavericks', 'club', 'fr', 92, 34, 28, 3, 3),
(2, 6, 'Wolves', 'club', 'de', 90, 34, 28, 3, 3),
(2, 7, 'Olympiacos', 'club', 'jp', 88, 34, 28, 3, 3),
(2, 8, 'Fenerbahce', 'club', 'br', 86, 34, 28, 3, 3),
(2, 9, 'Monaco', 'club', 'au', 84, 34, 28, 3, 3),
(2, 10, 'Thunder', 'club', 'es', 82, 34, 28, 3, 3),
(3, 1, 'India', 'national', 'in', 1420, 36, 32, 0, 4),
(3, 2, 'Australia', 'national', 'au', 1405, 36, 32, 0, 4),
(3, 3, 'South Africa', 'national', 'za', 1390, 36, 32, 0, 4),
(3, 4, 'Pakistan', 'national', 'pk', 1375, 36, 32, 0, 4),
(3, 5, 'New Zealand', 'national', 'nz', 1360, 36, 32, 0, 4),
(3, 6, 'Sri Lanka', 'national', 'lk', 1345, 36, 32, 0, 4),
(3, 7, 'England', 'national', 'gb', 1330, 36, 32, 0, 4),
(3, 8, 'Bangladesh', 'national', 'bd', 1315, 36, 32, 0, 4),
(3, 9, 'Afghanistan', 'national', 'af', 1300, 36, 32, 0, 4),
(3, 10, 'West Indies', 'national', 'wi', 1285, 36, 32, 0, 4),
(3, 1, 'KKR', 'club', 'in', 95, 46, 36, 5, 5),
(3, 2, 'SRH', 'club', 'in', 94, 46, 36, 5, 5),
(3, 3, 'RR', 'club', 'in', 93, 46, 36, 5, 5),
(3, 4, 'RCB', 'club', 'in', 92, 46, 36, 5, 5),
(3, 5, 'CSK', 'club', 'in', 91, 46, 36, 5, 5),
(3, 6, 'Scorchers', 'club', 'in', 90, 46, 36, 5, 5),
(3, 7, 'Sixers', 'club', 'in', 89, 46, 36, 5, 5),
(3, 8, 'Surrey', 'club', 'in', 88, 46, 36, 5, 5),
(3, 9, 'Somerset', 'club', 'in', 87, 46, 36, 5, 5),
(3, 10, 'MI Cape Town', 'club', 'in', 86, 46, 36, 5, 5),
(4, 1, 'Jannik Sinner', 'national', 'it', 1050, 47, 37, 3, 7),
(4, 2, 'Carlos Alcaraz', 'national', 'es', 1035, 47, 37, 3, 7),
(4, 3, 'Alexander Zverev', 'national', 'de', 1020, 47, 37, 3, 7),
(4, 4, 'Novak Djokovic', 'national', 'rs', 1005, 47, 37, 3, 7),
(4, 5, 'Medvedev', 'national', 'ru', 990, 47, 37, 3, 7),
(4, 6, 'Taylor Fritz', 'national', 'us', 975, 47, 37, 3, 7),
(4, 7, 'Rublev', 'national', 'ru', 960, 47, 37, 3, 7),
(4, 8, 'Casper Ruud', 'national', 'no', 945, 47, 37, 3, 7),
(4, 9, 'Dimitrov', 'national', 'bg', 930, 47, 37, 3, 7),
(4, 10, 'De Minaur', 'national', 'au', 915, 47, 37, 3, 7),
(4, 1, 'Iga Swiatek', 'club', 'pl', 1100, 50, 45, 5, 0),
(4, 2, 'Sabalenka', 'club', 'by', 1080, 50, 45, 5, 0),
(4, 3, 'Coco Gauff', 'club', 'us', 1060, 50, 45, 5, 0),
(4, 4, 'Elena Rybakina', 'club', 'kz', 1040, 50, 45, 5, 0),
(4, 5, 'Jessica Pegula', 'club', 'us', 1020, 50, 45, 5, 0),
(4, 6, 'Vondrousova', 'club', 'cz', 1000, 50, 45, 5, 0),
(4, 7, 'Zheng', 'club', 'cn', 980, 50, 45, 5, 0),
(4, 8, 'Sakkari', 'club', 'gr', 960, 50, 45, 5, 0),
(4, 9, 'Collins', 'club', 'us', 940, 50, 45, 5, 0),
(4, 10, 'Ostapenko', 'club', 'lv', 920, 50, 45, 5, 0),
(5, 1, 'USA Nat', 'national', 'us', 990, 10, 8, 2, 0),
(5, 1, 'USA Pro', 'club', 'us', 990, 10, 8, 2, 0),
(5, 2, 'China Nat', 'national', 'cn', 980, 10, 8, 2, 0),
(5, 2, 'China Pro', 'club', 'cn', 980, 10, 8, 2, 0),
(5, 3, 'India Nat', 'national', 'in', 970, 10, 8, 2, 0),
(5, 3, 'India Pro', 'club', 'in', 970, 10, 8, 2, 0),
(5, 4, 'UK Nat', 'national', 'gb', 960, 10, 8, 2, 0),
(5, 4, 'UK Pro', 'club', 'gb', 960, 10, 8, 2, 0),
(5, 5, 'France Nat', 'national', 'fr', 950, 10, 8, 2, 0),
(5, 5, 'France Pro', 'club', 'fr', 950, 10, 8, 2, 0),
(5, 6, 'Germany Nat', 'national', 'de', 940, 10, 8, 2, 0),
(5, 6, 'Germany Pro', 'club', 'de', 940, 10, 8, 2, 0),
(5, 7, 'Japan Nat', 'national', 'jp', 930, 10, 8, 2, 0),
(5, 7, 'Japan Pro', 'club', 'jp', 930, 10, 8, 2, 0),
(5, 8, 'Brazil Nat', 'national', 'br', 920, 10, 8, 2, 0),
(5, 8, 'Brazil Pro', 'club', 'br', 920, 10, 8, 2, 0),
(5, 9, 'Australia Nat', 'national', 'au', 910, 10, 8, 2, 0),
(5, 9, 'Australia Pro', 'club', 'au', 910, 10, 8, 2, 0),
(5, 10, 'Spain Nat', 'national', 'es', 900, 10, 8, 2, 0),
(5, 10, 'Spain Pro', 'club', 'es', 900, 10, 8, 2, 0),
(6, 1, 'USA Nat', 'national', 'us', 990, 10, 8, 2, 0),
(6, 1, 'USA Pro', 'club', 'us', 990, 10, 8, 2, 0),
(6, 2, 'China Nat', 'national', 'cn', 980, 10, 8, 2, 0),
(6, 2, 'China Pro', 'club', 'cn', 980, 10, 8, 2, 0),
(6, 3, 'India Nat', 'national', 'in', 970, 10, 8, 2, 0),
(6, 3, 'India Pro', 'club', 'in', 970, 10, 8, 2, 0),
(6, 4, 'UK Nat', 'national', 'gb', 960, 10, 8, 2, 0),
(6, 4, 'UK Pro', 'club', 'gb', 960, 10, 8, 2, 0),
(6, 5, 'France Nat', 'national', 'fr', 950, 10, 8, 2, 0),
(6, 5, 'France Pro', 'club', 'fr', 950, 10, 8, 2, 0),
(6, 6, 'Germany Nat', 'national', 'de', 940, 10, 8, 2, 0),
(6, 6, 'Germany Pro', 'club', 'de', 940, 10, 8, 2, 0),
(6, 7, 'Japan Nat', 'national', 'jp', 930, 10, 8, 2, 0),
(6, 7, 'Japan Pro', 'club', 'jp', 930, 10, 8, 2, 0),
(6, 8, 'Brazil Nat', 'national', 'br', 920, 10, 8, 2, 0),
(6, 8, 'Brazil Pro', 'club', 'br', 920, 10, 8, 2, 0),
(6, 9, 'Australia Nat', 'national', 'au', 910, 10, 8, 2, 0),
(6, 9, 'Australia Pro', 'club', 'au', 910, 10, 8, 2, 0),
(6, 10, 'Spain Nat', 'national', 'es', 900, 10, 8, 2, 0),
(6, 10, 'Spain Pro', 'club', 'es', 900, 10, 8, 2, 0),
(7, 1, 'USA Nat', 'national', 'us', 990, 10, 8, 2, 0),
(7, 1, 'USA Pro', 'club', 'us', 990, 10, 8, 2, 0),
(7, 2, 'China Nat', 'national', 'cn', 980, 10, 8, 2, 0),
(7, 2, 'China Pro', 'club', 'cn', 980, 10, 8, 2, 0),
(7, 3, 'India Nat', 'national', 'in', 970, 10, 8, 2, 0),
(7, 3, 'India Pro', 'club', 'in', 970, 10, 8, 2, 0),
(7, 4, 'UK Nat', 'national', 'gb', 960, 10, 8, 2, 0),
(7, 4, 'UK Pro', 'club', 'gb', 960, 10, 8, 2, 0),
(7, 5, 'France Nat', 'national', 'fr', 950, 10, 8, 2, 0),
(7, 5, 'France Pro', 'club', 'fr', 950, 10, 8, 2, 0),
(7, 6, 'Germany Nat', 'national', 'de', 940, 10, 8, 2, 0),
(7, 6, 'Germany Pro', 'club', 'de', 940, 10, 8, 2, 0),
(7, 7, 'Japan Nat', 'national', 'jp', 930, 10, 8, 2, 0),
(7, 7, 'Japan Pro', 'club', 'jp', 930, 10, 8, 2, 0),
(7, 8, 'Brazil Nat', 'national', 'br', 920, 10, 8, 2, 0),
(7, 8, 'Brazil Pro', 'club', 'br', 920, 10, 8, 2, 0),
(7, 9, 'Australia Nat', 'national', 'au', 910, 10, 8, 2, 0),
(7, 9, 'Australia Pro', 'club', 'au', 910, 10, 8, 2, 0),
(7, 10, 'Spain Nat', 'national', 'es', 900, 10, 8, 2, 0),
(7, 10, 'Spain Pro', 'club', 'es', 900, 10, 8, 2, 0),
(8, 1, 'USA Nat', 'national', 'us', 990, 10, 8, 2, 0),
(8, 1, 'USA Pro', 'club', 'us', 990, 10, 8, 2, 0),
(8, 2, 'China Nat', 'national', 'cn', 980, 10, 8, 2, 0),
(8, 2, 'China Pro', 'club', 'cn', 980, 10, 8, 2, 0),
(8, 3, 'India Nat', 'national', 'in', 970, 10, 8, 2, 0),
(8, 3, 'India Pro', 'club', 'in', 970, 10, 8, 2, 0),
(8, 4, 'UK Nat', 'national', 'gb', 960, 10, 8, 2, 0),
(8, 4, 'UK Pro', 'club', 'gb', 960, 10, 8, 2, 0),
(8, 5, 'France Nat', 'national', 'fr', 950, 10, 8, 2, 0),
(8, 5, 'France Pro', 'club', 'fr', 950, 10, 8, 2, 0),
(8, 6, 'Germany Nat', 'national', 'de', 940, 10, 8, 2, 0),
(8, 6, 'Germany Pro', 'club', 'de', 940, 10, 8, 2, 0),
(8, 7, 'Japan Nat', 'national', 'jp', 930, 10, 8, 2, 0),
(8, 7, 'Japan Pro', 'club', 'jp', 930, 10, 8, 2, 0),
(8, 8, 'Brazil Nat', 'national', 'br', 920, 10, 8, 2, 0),
(8, 8, 'Brazil Pro', 'club', 'br', 920, 10, 8, 2, 0),
(8, 9, 'Australia Nat', 'national', 'au', 910, 10, 8, 2, 0),
(8, 9, 'Australia Pro', 'club', 'au', 910, 10, 8, 2, 0),
(8, 10, 'Spain Nat', 'national', 'es', 900, 10, 8, 2, 0),
(8, 10, 'Spain Pro', 'club', 'es', 900, 10, 8, 2, 0),
(9, 1, 'USA Nat', 'national', 'us', 990, 10, 8, 2, 0),
(9, 1, 'USA Pro', 'club', 'us', 990, 10, 8, 2, 0),
(9, 2, 'China Nat', 'national', 'cn', 980, 10, 8, 2, 0),
(9, 2, 'China Pro', 'club', 'cn', 980, 10, 8, 2, 0),
(9, 3, 'India Nat', 'national', 'in', 970, 10, 8, 2, 0),
(9, 3, 'India Pro', 'club', 'in', 970, 10, 8, 2, 0),
(9, 4, 'UK Nat', 'national', 'gb', 960, 10, 8, 2, 0),
(9, 4, 'UK Pro', 'club', 'gb', 960, 10, 8, 2, 0),
(9, 5, 'France Nat', 'national', 'fr', 950, 10, 8, 2, 0),
(9, 5, 'France Pro', 'club', 'fr', 950, 10, 8, 2, 0),
(9, 6, 'Germany Nat', 'national', 'de', 940, 10, 8, 2, 0),
(9, 6, 'Germany Pro', 'club', 'de', 940, 10, 8, 2, 0),
(9, 7, 'Japan Nat', 'national', 'jp', 930, 10, 8, 2, 0),
(9, 7, 'Japan Pro', 'club', 'jp', 930, 10, 8, 2, 0),
(9, 8, 'Brazil Nat', 'national', 'br', 920, 10, 8, 2, 0),
(9, 8, 'Brazil Pro', 'club', 'br', 920, 10, 8, 2, 0),
(9, 9, 'Australia Nat', 'national', 'au', 910, 10, 8, 2, 0),
(9, 9, 'Australia Pro', 'club', 'au', 910, 10, 8, 2, 0),
(9, 10, 'Spain Nat', 'national', 'es', 900, 10, 8, 2, 0),
(9, 10, 'Spain Pro', 'club', 'es', 900, 10, 8, 2, 0),
(10, 1, 'USA Nat', 'national', 'us', 990, 10, 8, 2, 0),
(10, 1, 'USA Pro', 'club', 'us', 990, 10, 8, 2, 0),
(10, 2, 'China Nat', 'national', 'cn', 980, 10, 8, 2, 0),
(10, 2, 'China Pro', 'club', 'cn', 980, 10, 8, 2, 0),
(10, 3, 'India Nat', 'national', 'in', 970, 10, 8, 2, 0),
(10, 3, 'India Pro', 'club', 'in', 970, 10, 8, 2, 0),
(10, 4, 'UK Nat', 'national', 'gb', 960, 10, 8, 2, 0),
(10, 4, 'UK Pro', 'club', 'gb', 960, 10, 8, 2, 0),
(10, 5, 'France Nat', 'national', 'fr', 950, 10, 8, 2, 0),
(10, 5, 'France Pro', 'club', 'fr', 950, 10, 8, 2, 0),
(10, 6, 'Germany Nat', 'national', 'de', 940, 10, 8, 2, 0),
(10, 6, 'Germany Pro', 'club', 'de', 940, 10, 8, 2, 0),
(10, 7, 'Japan Nat', 'national', 'jp', 930, 10, 8, 2, 0),
(10, 7, 'Japan Pro', 'club', 'jp', 930, 10, 8, 2, 0),
(10, 8, 'Brazil Nat', 'national', 'br', 920, 10, 8, 2, 0),
(10, 8, 'Brazil Pro', 'club', 'br', 920, 10, 8, 2, 0),
(10, 9, 'Australia Nat', 'national', 'au', 910, 10, 8, 2, 0),
(10, 9, 'Australia Pro', 'club', 'au', 910, 10, 8, 2, 0),
(10, 10, 'Spain Nat', 'national', 'es', 900, 10, 8, 2, 0),
(10, 10, 'Spain Pro', 'club', 'es', 900, 10, 8, 2, 0),
(11, 1, 'Usyk', 'national', 'us', 100, 30, 25, 5, 0),
(11, 2, 'Crawford', 'national', 'cn', 98, 30, 25, 5, 0),
(11, 3, 'Inoue', 'national', 'in', 96, 30, 25, 5, 0),
(11, 4, 'Bivol', 'national', 'gb', 94, 30, 25, 5, 0),
(11, 5, 'Canelo', 'national', 'fr', 92, 30, 25, 5, 0),
(11, 6, 'Beterbiev', 'national', 'de', 90, 30, 25, 5, 0),
(11, 7, 'Davis', 'national', 'jp', 88, 30, 25, 5, 0),
(11, 8, 'Rodriguez', 'national', 'br', 86, 30, 25, 5, 0),
(11, 9, 'Stevenson', 'national', 'au', 84, 30, 25, 5, 0),
(11, 10, 'Nakatani', 'national', 'es', 82, 30, 25, 5, 0),
(11, 1, 'Shields', 'club', 'us', 100, 30, 25, 5, 0),
(11, 2, 'Taylor', 'club', 'cn', 98, 30, 25, 5, 0),
(11, 3, 'Serrano', 'club', 'in', 96, 30, 25, 5, 0),
(11, 4, 'Estrada', 'club', 'gb', 94, 30, 25, 5, 0),
(11, 5, 'Baumgardner', 'club', 'fr', 92, 30, 25, 5, 0),
(11, 6, 'Mayer', 'club', 'de', 90, 30, 25, 5, 0),
(11, 7, 'Cameron', 'club', 'jp', 88, 30, 25, 5, 0),

-- World Cup 2026 Tables
DROP TABLE IF EXISTS `wc_settings`;
CREATE TABLE `wc_settings` (
    `id` int(11) NOT NULL AUTO_INCREMENT,
    `setting_key` varchar(100) UNIQUE,
    `setting_value` text,
    PRIMARY KEY (`id`)
) ENGINE=InnoDB DEFAULT CHARSET=utf8mb4;

DROP TABLE IF EXISTS `wc_stadiums`;
CREATE TABLE `wc_stadiums` (
    `id` int(11) NOT NULL AUTO_INCREMENT,
    `name` varchar(255),
    `capacity` int(11),
    `city` varchar(255),
    `country` varchar(100),
    `note` text,
    PRIMARY KEY (`id`)
) ENGINE=InnoDB DEFAULT CHARSET=utf8mb4;

DROP TABLE IF EXISTS `wc_groups`;
CREATE TABLE `wc_groups` (
    `id` int(11) NOT NULL AUTO_INCREMENT,
    `group_letter` char(1) UNIQUE,
    PRIMARY KEY (`id`)
) ENGINE=InnoDB DEFAULT CHARSET=utf8mb4;

DROP TABLE IF EXISTS `wc_teams`;
CREATE TABLE `wc_teams` (
    `id` int(11) NOT NULL AUTO_INCREMENT,
    `name` varchar(255),
    `group_id` int(11),
    `confederation` varchar(100),
    `matches_played` int(11) DEFAULT 0,
    `wins` int(11) DEFAULT 0,
    `draws` int(11) DEFAULT 0,
    `losses` int(11) DEFAULT 0,
    `goals_for` int(11) DEFAULT 0,
    `goals_against` int(11) DEFAULT 0,
    `points` int(11) DEFAULT 0,
    PRIMARY KEY (`id`),
    KEY `group_id` (`group_id`)
) ENGINE=InnoDB DEFAULT CHARSET=utf8mb4;

DROP TABLE IF EXISTS `wc_matches`;
CREATE TABLE `wc_matches` (
    `id` int(11) NOT NULL AUTO_INCREMENT,
    `home_team_id` int(11),
    `away_team_id` int(11),
    `home_score` int(11),
    `away_score` int(11),
    `match_date` datetime,
    `group_id` int(11),
    `stadium_id` int(11),
    `status` varchar(50) DEFAULT 'scheduled',
    PRIMARY KEY (`id`),
    KEY `home_team_id` (`home_team_id`),
    KEY `away_team_id` (`away_team_id`),
    KEY `group_id` (`group_id`),
    KEY `stadium_id` (`stadium_id`)
) ENGINE=InnoDB DEFAULT CHARSET=utf8mb4;

DROP TABLE IF EXISTS `wc_history`;
CREATE TABLE `wc_history` (
    `id` int(11) NOT NULL AUTO_INCREMENT,
    `year` int(11),
    `winner` varchar(255),
    `runner_up` varchar(255),
    `host` varchar(255),
    PRIMARY KEY (`id`)
) ENGINE=InnoDB DEFAULT CHARSET=utf8mb4;

DROP TABLE IF EXISTS `wc_facts`;
CREATE TABLE `wc_facts` (
    `id` int(11) NOT NULL AUTO_INCREMENT,
    `fact_text` text,
    PRIMARY KEY (`id`)
) ENGINE=InnoDB DEFAULT CHARSET=utf8mb4;

DROP TABLE IF EXISTS `wc_polls`;
CREATE TABLE `wc_polls` (
    `id` int(11) NOT NULL AUTO_INCREMENT,
    `question` text,
    `is_active` tinyint(1) DEFAULT 1,
    PRIMARY KEY (`id`)
) ENGINE=InnoDB DEFAULT CHARSET=utf8mb4;

DROP TABLE IF EXISTS `wc_poll_options`;
CREATE TABLE `wc_poll_options` (
    `id` int(11) NOT NULL AUTO_INCREMENT,
    `poll_id` int(11),
    `option_text` text,
    `votes` int(11) DEFAULT 0,
    PRIMARY KEY (`id`),
    KEY `poll_id` (`poll_id`)
) ENGINE=InnoDB DEFAULT CHARSET=utf8mb4;

INSERT INTO `wc_settings` (setting_key, setting_value) VALUES
('wc_dates', 'June 11 – July 19, 2026'),
('wc_hosts', 'USA, Mexico, Canada'),
('wc_total_teams', '48'),
('wc_total_matches', '104'),
('wc_total_groups', '12'),
('wc_opening_match', 'Mexico vs. TBA — Azteca Stadium, Mexico City'),
('wc_final', 'MetLife Stadium — New Jersey, USA');

INSERT INTO `wc_groups` (group_letter) VALUES ('A'),('B'),('C'),('D'),('E'),('F'),('G'),('H'),('I'),('J'),('K'),('L');

INSERT INTO `wc_stadiums` (name, capacity, city, country, note) VALUES
('MetLife Stadium', 82500, 'East Rutherford', 'USA', 'Venue for the 2026 Final.'),
('SoFi Stadium', 70240, 'Inglewood', 'USA', 'Most expensive stadium in the world.'),
('AT&T Stadium', 80000, 'Arlington', 'USA', 'Features a massive retractable roof.'),
('Arrowhead Stadium', 76416, 'Kansas City', 'USA', 'Loudest outdoor stadium in the world.'),
('NRG Stadium', 72220, 'Houston', 'USA', 'Regularly hosts major sporting events.'),
('Mercedes-Benz Stadium', 71000, 'Atlanta', 'USA', 'Unique retractable roof design.'),
('Lincoln Financial Field', 67594, 'Philadelphia', 'USA', 'Home of the NFL\'s Eagles.'),
('Lumen Field', 69000, 'Seattle', 'USA', 'Famous for its incredible atmosphere.'),
('Levi\'s Stadium', 68500, 'Santa Clara', 'USA', 'Highly technological venue.'),
('Gillette Stadium', 65878, 'Foxborough', 'USA', 'Home to many championship teams.'),
('Hard Rock Stadium', 64767, 'Miami Gardens', 'USA', 'Multi-purpose tropical venue.'),
('Azteca Stadium', 87523, 'Mexico City', 'Mexico', 'First to host three World Cups.'),
('BBVA Stadium', 53500, 'Monterrey', 'Mexico', 'Known for spectacular mountain views.'),
('Akron Stadium', 48071, 'Guadalajara', 'Mexico', 'Ultra-modern architectural marvel.'),
('BMO Field', 30000, 'Toronto', 'Canada', 'Atmospheric soccer-specific stadium.'),
('BC Place', 54500, 'Vancouver', 'Canada', 'Iconic retractable roof venue.');

INSERT INTO `wc_history` (year, winner, runner_up, host) VALUES
(2022, 'Argentina', 'France', 'Qatar'),
(2018, 'France', 'Croatia', 'Russia'),
(2014, 'Germany', 'Argentina', 'Brazil'),
(2010, 'Spain', 'Netherlands', 'South Africa'),
(2006, 'Italy', 'France', 'Germany'),
(2002, 'Brazil', 'Germany', 'Korea/Japan'),
(1998, 'France', 'Brazil', 'France'),
(1994, 'Brazil', 'Italy', 'USA'),
(1990, 'West Germany', 'Argentina', 'Italy'),
(1986, 'Argentina', 'West Germany', 'Mexico');

INSERT INTO `wc_facts` (fact_text) VALUES
('First ever 48-team World Cup tournament.'),
('Hosted across three North American nations.'),
('The final will be held at MetLife Stadium in New Jersey.'),
('A record 104 matches will be played in total.'),
('Azteca Stadium becomes the first venue to host three World Cups.'),
('Tournament expanded from 32 to 48 teams.'),
('New format features 12 groups of 4 teams.'),
('Top 2 from each group + 8 best 3rd-place teams advance.'),
('Introduction of a Round of 32 knockout stage.'),
('Total tournament duration extended to 39 days.');

INSERT INTO `wc_polls` (question) VALUES ('Who do you think will win World Cup 2026?');
INSERT INTO `wc_poll_options` (poll_id, option_text) VALUES
(1, 'Argentina'), (1, 'France'), (1, 'Brazil'), (1, 'England'), (1, 'Spain'), (1, 'USA'), (1, 'Mexico'), (1, 'Canada');

SET FOREIGN_KEY_CHECKS=1;
COMMIT;
