-- SportingRank MySQL Database Export
SET SQL_MODE = "NO_AUTO_VALUE_ON_ZERO";
SET time_zone = "+00:00";
SET FOREIGN_KEY_CHECKS=0;

DROP TABLE IF EXISTS `sports`;
CREATE TABLE `sports` (
  `id` int(11) NOT NULL AUTO_INCREMENT,
  `name` varchar(100) NOT NULL,
  `slug` varchar(100) NOT NULL,
  `icon` varchar(10) DEFAULT '🏆',
  `governing_body` varchar(150) DEFAULT NULL,
  `ranking_type` varchar(100) DEFAULT NULL,
  `description` text DEFAULT NULL,
  `hero_image` varchar(255) DEFAULT NULL,
  `label_national` varchar(100) DEFAULT 'National',
  `label_club` varchar(100) DEFAULT 'Leagues',
  `sort_order` int(11) DEFAULT 0,
  `is_active` int(11) DEFAULT 1,
  `created_at` datetime DEFAULT CURRENT_TIMESTAMP,
  `updated_at` datetime DEFAULT CURRENT_TIMESTAMP,
  PRIMARY KEY (`id`),
  UNIQUE KEY `slug` (`slug`)
) ENGINE=InnoDB DEFAULT CHARSET=utf8mb4;

INSERT INTO `sports` (id, name, slug, icon, ranking_type, sort_order, label_national, label_club, hero_image) VALUES
(1, 'Soccer / Football', 'soccer', '⚽', 'FIFA Points', 1, 'National', 'Leagues', 'https://images.unsplash.com/photo-1540747913346-19e32dc3e97e?q=80&w=2000'),
(2, 'Basketball', 'basketball', '🏀', 'FIBA Points', 2, 'National', 'Leagues', 'https://images.unsplash.com/photo-1540747913346-19e32dc3e97e?q=80&w=2000'),
(3, 'Cricket', 'cricket', '🏏', 'ICC Rating', 3, 'National', 'Leagues', 'https://images.unsplash.com/photo-1540747913346-19e32dc3e97e?q=80&w=2000'),
(4, 'Tennis', 'tennis', '🎾', 'ATP/WTA Points', 4, 'Men Singles', 'Women Singles', 'https://images.unsplash.com/photo-1540747913346-19e32dc3e97e?q=80&w=2000'),
(5, 'American Football', 'american-football', '🏈', 'NFL Rankings', 5, 'National', 'Leagues', 'https://images.unsplash.com/photo-1540747913346-19e32dc3e97e?q=80&w=2000'),
(6, 'Field Hockey', 'field-hockey', '🏑', 'FIH Points', 6, 'National', 'Leagues', 'https://images.unsplash.com/photo-1540747913346-19e32dc3e97e?q=80&w=2000'),
(7, 'Volleyball', 'volleyball', '🏐', 'FIVB Points', 7, 'National', 'Leagues', 'https://images.unsplash.com/photo-1540747913346-19e32dc3e97e?q=80&w=2000'),
(8, 'Rugby Union', 'rugby', '🏉', 'World Rugby Points', 8, 'National', 'Leagues', 'https://images.unsplash.com/photo-1540747913346-19e32dc3e97e?q=80&w=2000'),
(9, 'Baseball', 'baseball', '⚾', 'WBSC Points', 9, 'National', 'Leagues', 'https://images.unsplash.com/photo-1540747913346-19e32dc3e97e?q=80&w=2000'),
(10, 'Ice Hockey', 'ice-hockey', '🏒', 'IIHF Points', 10, 'National', 'Leagues', 'https://images.unsplash.com/photo-1540747913346-19e32dc3e97e?q=80&w=2000'),
(11, 'BOXING', 'boxing', '🥊', 'P4P Ranking', 11, 'Men P4P', 'Women P4P', 'https://images.unsplash.com/photo-1540747913346-19e32dc3e97e?q=80&w=2000'),
(12, 'MMA', 'mma', '🥋', 'P4P Ranking', 12, 'Men P4P', 'Women P4P', 'https://images.unsplash.com/photo-1540747913346-19e32dc3e97e?q=80&w=2000'),
(13, 'Kabaddi', 'kabaddi', '🤼‍♂️', 'Points', 13, 'National Team', 'Pro Kabaddi', 'https://images.unsplash.com/photo-1540747913346-19e32dc3e97e?q=80&w=2000'),
(14, 'Golf', 'golf', '⛳', 'OWGR Points', 14, 'Men Rankings', 'Women Rankings', 'https://images.unsplash.com/photo-1540747913346-19e32dc3e97e?q=80&w=2000'),
(15, 'Table Tennis', 'table-tennis', '🏓', 'ITTF Points', 15, 'Men Singles', 'Women Singles', 'https://images.unsplash.com/photo-1540747913346-19e32dc3e97e?q=80&w=2000'),
(16, 'Badminton', 'badminton', '🏸', 'BWF Points', 16, 'Men Singles', 'Women Singles', 'https://images.unsplash.com/photo-1540747913346-19e32dc3e97e?q=80&w=2000'),
(17, 'Cycling', 'cycling', '🚲', 'UCI Points', 17, 'World Tour', 'Women Tour', 'https://images.unsplash.com/photo-1540747913346-19e32dc3e97e?q=80&w=2000'),
(18, 'Formula 1', 'formula-1', '🏎️', 'F1 Points', 18, 'Drivers', 'Constructors', 'https://images.unsplash.com/photo-1540747913346-19e32dc3e97e?q=80&w=2000'),
(19, 'Horse Racing', 'horse-racing', '🏇', 'TRC Rating', 19, 'Jockeys', 'Horses', 'https://images.unsplash.com/photo-1540747913346-19e32dc3e97e?q=80&w=2000'),
(20, 'Handball', 'handball', '🤾', 'IHF Points', 20, 'National Men', 'National Women', 'https://images.unsplash.com/photo-1540747913346-19e32dc3e97e?q=80&w=2000'),
(21, 'Triathlon', 'triathlon', '🏊', 'WT Points', 21, 'Men Rankings', 'Women Rankings', 'https://images.unsplash.com/photo-1540747913346-19e32dc3e97e?q=80&w=2000');

DROP TABLE IF EXISTS `teams`;
CREATE TABLE `teams` (
  `id` int(11) NOT NULL AUTO_INCREMENT,
  `sport_id` int(11) NOT NULL,
  `rank_position` int(11) NOT NULL,
  `team_name` varchar(150) NOT NULL,
  `team_type` varchar(20) DEFAULT 'national',
  `country_code` char(2) DEFAULT NULL,
  `points` decimal(10,2) DEFAULT 0.00,
  `trend` varchar(10) DEFAULT 'same',
  `matches_played` int(11) DEFAULT 0,
  `wins` int(11) DEFAULT 0,
  `losses` int(11) DEFAULT 0,
  `draws` int(11) DEFAULT 0,
  `is_active` int(11) DEFAULT 1,
  `votes` int(11) DEFAULT 0,
  `notable_achievement` varchar(255) DEFAULT NULL,
  PRIMARY KEY (`id`),
  KEY `sport_id` (`sport_id`)
) ENGINE=InnoDB DEFAULT CHARSET=utf8mb4;

INSERT INTO `teams` (sport_id, rank_position, team_name, team_type, country_code, points, matches_played, wins, losses, draws) VALUES
(1, 1, 'Argentina', 'national', 'ar', 1500, 40, 37, 1, 2),
(1, 2, 'France', 'national', 'fr', 1485, 40, 37, 1, 2),
(1, 3, 'Spain', 'national', 'es', 1470, 40, 37, 1, 2),
(1, 4, 'England', 'national', 'gb', 1455, 40, 37, 1, 2),
(1, 5, 'Brazil', 'national', 'br', 1440, 40, 37, 1, 2),
(1, 6, 'Belgium', 'national', 'be', 1425, 40, 37, 1, 2),
(1, 7, 'Portugal', 'national', 'pt', 1410, 40, 37, 1, 2),
(1, 8, 'Netherlands', 'national', 'nl', 1395, 40, 37, 1, 2),
(1, 9, 'Italy', 'national', 'it', 1380, 40, 37, 1, 2),
(1, 10, 'Colombia', 'national', 'co', 1365, 40, 37, 1, 2),
(1, 1, 'Real Madrid', 'club', 'es', 2500, 41, 33, 1, 7),
(1, 2, 'Man City', 'club', 'gb', 2480, 41, 33, 1, 7),
(1, 3, 'Liverpool', 'club', 'gb', 2460, 41, 33, 1, 7),
(1, 4, 'Bayer Leverkusen', 'club', 'de', 2440, 41, 33, 1, 7),
(1, 5, 'Inter Milan', 'club', 'it', 2420, 41, 33, 1, 7),
(1, 6, 'Arsenal', 'club', 'gb', 2400, 41, 33, 1, 7),
(1, 7, 'Bayern Munich', 'club', 'de', 2380, 41, 33, 1, 7),
(1, 8, 'Barcelona', 'club', 'es', 2360, 41, 33, 1, 7),
(1, 9, 'PSG', 'club', 'fr', 2340, 41, 33, 1, 7),
(1, 10, 'Borussia Dortmund', 'club', 'de', 2320, 41, 33, 1, 7),
(2, 1, 'USA', 'national', 'us', 1380, 39, 35, 1, 3),
(2, 2, 'Serbia', 'national', 'rs', 1365, 39, 35, 1, 3),
(2, 3, 'Germany', 'national', 'de', 1350, 39, 35, 1, 3),
(2, 4, 'France', 'national', 'fr', 1335, 39, 35, 1, 3),
(2, 5, 'Canada', 'national', 'ca', 1320, 39, 35, 1, 3),
(2, 6, 'Spain', 'national', 'es', 1305, 39, 35, 1, 3),
(2, 7, 'Australia', 'national', 'au', 1290, 39, 35, 1, 3),
(2, 8, 'Argentina', 'national', 'ar', 1275, 39, 35, 1, 3),
(2, 9, 'Latvia', 'national', 'lv', 1260, 39, 35, 1, 3),
(2, 10, 'Lithuania', 'national', 'lt', 1245, 39, 35, 1, 3),
(2, 1, 'Celtics', 'club', 'us', 100, 34, 28, 3, 3),
(2, 2, 'Nuggets', 'club', 'cn', 98, 34, 28, 3, 3),
(2, 3, 'Real Madrid', 'club', 'in', 96, 34, 28, 3, 3),
(2, 4, 'Panathinaikos', 'club', 'gb', 94, 34, 28, 3, 3),
(2, 5, 'Mavericks', 'club', 'fr', 92, 34, 28, 3, 3),
(2, 6, 'Wolves', 'club', 'de', 90, 34, 28, 3, 3),
(2, 7, 'Olympiacos', 'club', 'jp', 88, 34, 28, 3, 3),
(2, 8, 'Fenerbahce', 'club', 'br', 86, 34, 28, 3, 3),
(2, 9, 'Monaco', 'club', 'au', 84, 34, 28, 3, 3),
(2, 10, 'Thunder', 'club', 'es', 82, 34, 28, 3, 3),
(3, 1, 'India', 'national', 'in', 1420, 36, 32, 0, 4),
(3, 2, 'Australia', 'national', 'au', 1405, 36, 32, 0, 4),
(3, 3, 'South Africa', 'national', 'za', 1390, 36, 32, 0, 4),
(3, 4, 'Pakistan', 'national', 'pk', 1375, 36, 32, 0, 4),
(3, 5, 'New Zealand', 'national', 'nz', 1360, 36, 32, 0, 4),
(3, 6, 'Sri Lanka', 'national', 'lk', 1345, 36, 32, 0, 4),
(3, 7, 'England', 'national', 'gb', 1330, 36, 32, 0, 4),
(3, 8, 'Bangladesh', 'national', 'bd', 1315, 36, 32, 0, 4),
(3, 9, 'Afghanistan', 'national', 'af', 1300, 36, 32, 0, 4),
(3, 10, 'West Indies', 'national', 'wi', 1285, 36, 32, 0, 4),
(3, 1, 'KKR', 'club', 'in', 95, 46, 36, 5, 5),
(3, 2, 'SRH', 'club', 'in', 94, 46, 36, 5, 5),
(3, 3, 'RR', 'club', 'in', 93, 46, 36, 5, 5),
(3, 4, 'RCB', 'club', 'in', 92, 46, 36, 5, 5),
(3, 5, 'CSK', 'club', 'in', 91, 46, 36, 5, 5),
(3, 6, 'Scorchers', 'club', 'in', 90, 46, 36, 5, 5),
(3, 7, 'Sixers', 'club', 'in', 89, 46, 36, 5, 5),
(3, 8, 'Surrey', 'club', 'in', 88, 46, 36, 5, 5),
(3, 9, 'Somerset', 'club', 'in', 87, 46, 36, 5, 5),
(3, 10, 'MI Cape Town', 'club', 'in', 86, 46, 36, 5, 5),
(4, 1, 'Jannik Sinner', 'national', 'it', 1050, 47, 37, 3, 7),
(4, 2, 'Carlos Alcaraz', 'national', 'es', 1035, 47, 37, 3, 7),
(4, 3, 'Alexander Zverev', 'national', 'de', 1020, 47, 37, 3, 7),
(4, 4, 'Novak Djokovic', 'national', 'rs', 1005, 47, 37, 3, 7),
(4, 5, 'Medvedev', 'national', 'ru', 990, 47, 37, 3, 7),
(4, 6, 'Taylor Fritz', 'national', 'us', 975, 47, 37, 3, 7),
(4, 7, 'Rublev', 'national', 'ru', 960, 47, 37, 3, 7),
(4, 8, 'Casper Ruud', 'national', 'no', 945, 47, 37, 3, 7),
(4, 9, 'Dimitrov', 'national', 'bg', 930, 47, 37, 3, 7),
(4, 10, 'De Minaur', 'national', 'au', 915, 47, 37, 3, 7),
(4, 1, 'Iga Swiatek', 'club', 'pl', 1100, 50, 45, 5, 0),
(4, 2, 'Sabalenka', 'club', 'by', 1080, 50, 45, 5, 0),
(4, 3, 'Coco Gauff', 'club', 'us', 1060, 50, 45, 5, 0),
(4, 4, 'Elena Rybakina', 'club', 'kz', 1040, 50, 45, 5, 0),
(4, 5, 'Jessica Pegula', 'club', 'us', 1020, 50, 45, 5, 0),
(4, 6, 'Vondrousova', 'club', 'cz', 1000, 50, 45, 5, 0),
(4, 7, 'Zheng', 'club', 'cn', 980, 50, 45, 5, 0),
(4, 8, 'Sakkari', 'club', 'gr', 960, 50, 45, 5, 0),
(4, 9, 'Collins', 'club', 'us', 940, 50, 45, 5, 0),
(4, 10, 'Ostapenko', 'club', 'lv', 920, 50, 45, 5, 0),
(5, 1, 'USA Nat', 'national', 'us', 990, 10, 8, 2, 0),
(5, 1, 'USA Pro', 'club', 'us', 990, 10, 8, 2, 0),
(5, 2, 'China Nat', 'national', 'cn', 980, 10, 8, 2, 0),
(5, 2, 'China Pro', 'club', 'cn', 980, 10, 8, 2, 0),
(5, 3, 'India Nat', 'national', 'in', 970, 10, 8, 2, 0),
(5, 3, 'India Pro', 'club', 'in', 970, 10, 8, 2, 0),
(5, 4, 'UK Nat', 'national', 'gb', 960, 10, 8, 2, 0),
(5, 4, 'UK Pro', 'club', 'gb', 960, 10, 8, 2, 0),
(5, 5, 'France Nat', 'national', 'fr', 950, 10, 8, 2, 0),
(5, 5, 'France Pro', 'club', 'fr', 950, 10, 8, 2, 0),
(5, 6, 'Germany Nat', 'national', 'de', 940, 10, 8, 2, 0),
(5, 6, 'Germany Pro', 'club', 'de', 940, 10, 8, 2, 0),
(5, 7, 'Japan Nat', 'national', 'jp', 930, 10, 8, 2, 0),
(5, 7, 'Japan Pro', 'club', 'jp', 930, 10, 8, 2, 0),
(5, 8, 'Brazil Nat', 'national', 'br', 920, 10, 8, 2, 0),
(5, 8, 'Brazil Pro', 'club', 'br', 920, 10, 8, 2, 0),
(5, 9, 'Australia Nat', 'national', 'au', 910, 10, 8, 2, 0),
(5, 9, 'Australia Pro', 'club', 'au', 910, 10, 8, 2, 0),
(5, 10, 'Spain Nat', 'national', 'es', 900, 10, 8, 2, 0),
(5, 10, 'Spain Pro', 'club', 'es', 900, 10, 8, 2, 0),
(6, 1, 'USA Nat', 'national', 'us', 990, 10, 8, 2, 0),
(6, 1, 'USA Pro', 'club', 'us', 990, 10, 8, 2, 0),
(6, 2, 'China Nat', 'national', 'cn', 980, 10, 8, 2, 0),
(6, 2, 'China Pro', 'club', 'cn', 980, 10, 8, 2, 0),
(6, 3, 'India Nat', 'national', 'in', 970, 10, 8, 2, 0),
(6, 3, 'India Pro', 'club', 'in', 970, 10, 8, 2, 0),
(6, 4, 'UK Nat', 'national', 'gb', 960, 10, 8, 2, 0),
(6, 4, 'UK Pro', 'club', 'gb', 960, 10, 8, 2, 0),
(6, 5, 'France Nat', 'national', 'fr', 950, 10, 8, 2, 0),
(6, 5, 'France Pro', 'club', 'fr', 950, 10, 8, 2, 0),
(6, 6, 'Germany Nat', 'national', 'de', 940, 10, 8, 2, 0),
(6, 6, 'Germany Pro', 'club', 'de', 940, 10, 8, 2, 0),
(6, 7, 'Japan Nat', 'national', 'jp', 930, 10, 8, 2, 0),
(6, 7, 'Japan Pro', 'club', 'jp', 930, 10, 8, 2, 0),
(6, 8, 'Brazil Nat', 'national', 'br', 920, 10, 8, 2, 0),
(6, 8, 'Brazil Pro', 'club', 'br', 920, 10, 8, 2, 0),
(6, 9, 'Australia Nat', 'national', 'au', 910, 10, 8, 2, 0),
(6, 9, 'Australia Pro', 'club', 'au', 910, 10, 8, 2, 0),
(6, 10, 'Spain Nat', 'national', 'es', 900, 10, 8, 2, 0),
(6, 10, 'Spain Pro', 'club', 'es', 900, 10, 8, 2, 0),
(7, 1, 'USA Nat', 'national', 'us', 990, 10, 8, 2, 0),
(7, 1, 'USA Pro', 'club', 'us', 990, 10, 8, 2, 0),
(7, 2, 'China Nat', 'national', 'cn', 980, 10, 8, 2, 0),
(7, 2, 'China Pro', 'club', 'cn', 980, 10, 8, 2, 0),
(7, 3, 'India Nat', 'national', 'in', 970, 10, 8, 2, 0),
(7, 3, 'India Pro', 'club', 'in', 970, 10, 8, 2, 0),
(7, 4, 'UK Nat', 'national', 'gb', 960, 10, 8, 2, 0),
(7, 4, 'UK Pro', 'club', 'gb', 960, 10, 8, 2, 0),
(7, 5, 'France Nat', 'national', 'fr', 950, 10, 8, 2, 0),
(7, 5, 'France Pro', 'club', 'fr', 950, 10, 8, 2, 0),
(7, 6, 'Germany Nat', 'national', 'de', 940, 10, 8, 2, 0),
(7, 6, 'Germany Pro', 'club', 'de', 940, 10, 8, 2, 0),
(7, 7, 'Japan Nat', 'national', 'jp', 930, 10, 8, 2, 0),
(7, 7, 'Japan Pro', 'club', 'jp', 930, 10, 8, 2, 0),
(7, 8, 'Brazil Nat', 'national', 'br', 920, 10, 8, 2, 0),
(7, 8, 'Brazil Pro', 'club', 'br', 920, 10, 8, 2, 0),
(7, 9, 'Australia Nat', 'national', 'au', 910, 10, 8, 2, 0),
(7, 9, 'Australia Pro', 'club', 'au', 910, 10, 8, 2, 0),
(7, 10, 'Spain Nat', 'national', 'es', 900, 10, 8, 2, 0),
(7, 10, 'Spain Pro', 'club', 'es', 900, 10, 8, 2, 0),
(8, 1, 'USA Nat', 'national', 'us', 990, 10, 8, 2, 0),
(8, 1, 'USA Pro', 'club', 'us', 990, 10, 8, 2, 0),
(8, 2, 'China Nat', 'national', 'cn', 980, 10, 8, 2, 0),
(8, 2, 'China Pro', 'club', 'cn', 980, 10, 8, 2, 0),
(8, 3, 'India Nat', 'national', 'in', 970, 10, 8, 2, 0),
(8, 3, 'India Pro', 'club', 'in', 970, 10, 8, 2, 0),
(8, 4, 'UK Nat', 'national', 'gb', 960, 10, 8, 2, 0),
(8, 4, 'UK Pro', 'club', 'gb', 960, 10, 8, 2, 0),
(8, 5, 'France Nat', 'national', 'fr', 950, 10, 8, 2, 0),
(8, 5, 'France Pro', 'club', 'fr', 950, 10, 8, 2, 0),
(8, 6, 'Germany Nat', 'national', 'de', 940, 10, 8, 2, 0),
(8, 6, 'Germany Pro', 'club', 'de', 940, 10, 8, 2, 0),
(8, 7, 'Japan Nat', 'national', 'jp', 930, 10, 8, 2, 0),
(8, 7, 'Japan Pro', 'club', 'jp', 930, 10, 8, 2, 0),
(8, 8, 'Brazil Nat', 'national', 'br', 920, 10, 8, 2, 0),
(8, 8, 'Brazil Pro', 'club', 'br', 920, 10, 8, 2, 0),
(8, 9, 'Australia Nat', 'national', 'au', 910, 10, 8, 2, 0),
(8, 9, 'Australia Pro', 'club', 'au', 910, 10, 8, 2, 0),
(8, 10, 'Spain Nat', 'national', 'es', 900, 10, 8, 2, 0),
(8, 10, 'Spain Pro', 'club', 'es', 900, 10, 8, 2, 0),
(9, 1, 'USA Nat', 'national', 'us', 990, 10, 8, 2, 0),
(9, 1, 'USA Pro', 'club', 'us', 990, 10, 8, 2, 0),
(9, 2, 'China Nat', 'national', 'cn', 980, 10, 8, 2, 0),
(9, 2, 'China Pro', 'club', 'cn', 980, 10, 8, 2, 0),
(9, 3, 'India Nat', 'national', 'in', 970, 10, 8, 2, 0),
(9, 3, 'India Pro', 'club', 'in', 970, 10, 8, 2, 0),
(9, 4, 'UK Nat', 'national', 'gb', 960, 10, 8, 2, 0),
(9, 4, 'UK Pro', 'club', 'gb', 960, 10, 8, 2, 0),
(9, 5, 'France Nat', 'national', 'fr', 950, 10, 8, 2, 0),
(9, 5, 'France Pro', 'club', 'fr', 950, 10, 8, 2, 0),
(9, 6, 'Germany Nat', 'national', 'de', 940, 10, 8, 2, 0),
(9, 6, 'Germany Pro', 'club', 'de', 940, 10, 8, 2, 0),
(9, 7, 'Japan Nat', 'national', 'jp', 930, 10, 8, 2, 0),
(9, 7, 'Japan Pro', 'club', 'jp', 930, 10, 8, 2, 0),
(9, 8, 'Brazil Nat', 'national', 'br', 920, 10, 8, 2, 0),
(9, 8, 'Brazil Pro', 'club', 'br', 920, 10, 8, 2, 0),
(9, 9, 'Australia Nat', 'national', 'au', 910, 10, 8, 2, 0),
(9, 9, 'Australia Pro', 'club', 'au', 910, 10, 8, 2, 0),
(9, 10, 'Spain Nat', 'national', 'es', 900, 10, 8, 2, 0),
(9, 10, 'Spain Pro', 'club', 'es', 900, 10, 8, 2, 0),
(10, 1, 'USA Nat', 'national', 'us', 990, 10, 8, 2, 0),
(10, 1, 'USA Pro', 'club', 'us', 990, 10, 8, 2, 0),
(10, 2, 'China Nat', 'national', 'cn', 980, 10, 8, 2, 0),
(10, 2, 'China Pro', 'club', 'cn', 980, 10, 8, 2, 0),
(10, 3, 'India Nat', 'national', 'in', 970, 10, 8, 2, 0),
(10, 3, 'India Pro', 'club', 'in', 970, 10, 8, 2, 0),
(10, 4, 'UK Nat', 'national', 'gb', 960, 10, 8, 2, 0),
(10, 4, 'UK Pro', 'club', 'gb', 960, 10, 8, 2, 0),
(10, 5, 'France Nat', 'national', 'fr', 950, 10, 8, 2, 0),
(10, 5, 'France Pro', 'club', 'fr', 950, 10, 8, 2, 0),
(10, 6, 'Germany Nat', 'national', 'de', 940, 10, 8, 2, 0),
(10, 6, 'Germany Pro', 'club', 'de', 940, 10, 8, 2, 0),
(10, 7, 'Japan Nat', 'national', 'jp', 930, 10, 8, 2, 0),
(10, 7, 'Japan Pro', 'club', 'jp', 930, 10, 8, 2, 0),
(10, 8, 'Brazil Nat', 'national', 'br', 920, 10, 8, 2, 0),
(10, 8, 'Brazil Pro', 'club', 'br', 920, 10, 8, 2, 0),
(10, 9, 'Australia Nat', 'national', 'au', 910, 10, 8, 2, 0),
(10, 9, 'Australia Pro', 'club', 'au', 910, 10, 8, 2, 0),
(10, 10, 'Spain Nat', 'national', 'es', 900, 10, 8, 2, 0),
(10, 10, 'Spain Pro', 'club', 'es', 900, 10, 8, 2, 0),
(11, 1, 'Usyk', 'national', 'us', 100, 30, 25, 5, 0),
(11, 2, 'Crawford', 'national', 'cn', 98, 30, 25, 5, 0),
(11, 3, 'Inoue', 'national', 'in', 96, 30, 25, 5, 0),
(11, 4, 'Bivol', 'national', 'gb', 94, 30, 25, 5, 0),
(11, 5, 'Canelo', 'national', 'fr', 92, 30, 25, 5, 0),
(11, 6, 'Beterbiev', 'national', 'de', 90, 30, 25, 5, 0),
(11, 7, 'Davis', 'national', 'jp', 88, 30, 25, 5, 0),
(11, 8, 'Rodriguez', 'national', 'br', 86, 30, 25, 5, 0),
(11, 9, 'Stevenson', 'national', 'au', 84, 30, 25, 5, 0),
(11, 10, 'Nakatani', 'national', 'es', 82, 30, 25, 5, 0),
(11, 1, 'Shields', 'club', 'us', 100, 30, 25, 5, 0),
(11, 2, 'Taylor', 'club', 'cn', 98, 30, 25, 5, 0),
(11, 3, 'Serrano', 'club', 'in', 96, 30, 25, 5, 0),
(11, 4, 'Estrada', 'club', 'gb', 94, 30, 25, 5, 0),
(11, 5, 'Baumgardner', 'club', 'fr', 92, 30, 25, 5, 0),
(11, 6, 'Mayer', 'club', 'de', 90, 30, 25, 5, 0),
(11, 7, 'Cameron', 'club', 'jp', 88, 30, 25, 5, 0),
(11, 8, 'Persoon', 'club', 'br', 86, 30, 25, 5, 0),
(11, 9, 'McCaskill', 'club', 'au', 84, 30, 25, 5, 0),
(11, 10, 'Harper', 'club', 'es', 82, 30, 25, 5, 0),
(12, 1, 'Makhachev', 'national', 'us', 100, 30, 25, 5, 0),
(12, 2, 'Pereira', 'national', 'cn', 98, 30, 25, 5, 0),
(12, 3, 'Jones', 'national', 'in', 96, 30, 25, 5, 0),
(12, 4, 'Topuria', 'national', 'gb', 94, 30, 25, 5, 0),
(12, 5, 'Muhammad', 'national', 'fr', 92, 30, 25, 5, 0),
(12, 6, 'Edwards', 'national', 'de', 90, 30, 25, 5, 0),
(12, 7, 'Volkanovski', 'national', 'jp', 88, 30, 25, 5, 0),
(12, 8, 'Aspinall', 'national', 'br', 86, 30, 25, 5, 0),
(12, 9, 'Holloway', 'national', 'au', 84, 30, 25, 5, 0),
(12, 10, 'du Plessis', 'national', 'es', 82, 30, 25, 5, 0),
(12, 1, 'Grasso', 'club', 'us', 100, 30, 25, 5, 0),
(12, 2, 'Shevchenko', 'club', 'cn', 98, 30, 25, 5, 0),
(12, 3, 'Zhang Weili', 'club', 'in', 96, 30, 25, 5, 0),
(12, 4, 'Fiorot', 'club', 'gb', 94, 30, 25, 5, 0),
(12, 5, 'Pena', 'club', 'fr', 92, 30, 25, 5, 0),
(12, 6, 'Namajunas', 'club', 'de', 90, 30, 25, 5, 0),
(12, 7, 'Blanchfield', 'club', 'jp', 88, 30, 25, 5, 0),
(12, 8, 'Xiaonan', 'club', 'br', 86, 30, 25, 5, 0),
(12, 9, 'Suarez', 'club', 'au', 84, 30, 25, 5, 0),
(12, 10, 'Andrade', 'club', 'es', 82, 30, 25, 5, 0),
(13, 1, 'USA Team', 'national', 'us', 86, 35, 28, 5, 2),
(13, 2, 'China Team', 'national', 'cn', 76, 33, 23, 3, 7),
(13, 3, 'India Team', 'national', 'in', 72, 32, 23, 6, 3),
(13, 4, 'UK Team', 'national', 'gb', 118, 62, 28, 0, 34),
(13, 5, 'France Team', 'national', 'fr', 92, 70, 21, 20, 29),
(13, 6, 'Germany Team', 'national', 'de', 78, 58, 15, 10, 33),
(13, 7, 'Japan Team', 'national', 'jp', 114, 71, 31, 19, 21),
(13, 8, 'Brazil Team', 'national', 'br', 55, 23, 17, 2, 4),
(13, 9, 'Australia Team', 'national', 'au', 64, 33, 19, 7, 7),
(13, 10, 'Spain Team', 'national', 'es', 41, 37, 12, 20, 5),
(13, 1, 'USA Pro', 'club', 'us', 75, 63, 22, 32, 9),
(13, 2, 'China Pro', 'club', 'cn', 178, 73, 59, 13, 1),
(13, 3, 'India Pro', 'club', 'in', 79, 28, 26, 1, 1),
(13, 4, 'UK Pro', 'club', 'gb', 50, 24, 15, 4, 5),
(13, 5, 'France Pro', 'club', 'fr', 68, 32, 20, 4, 8),
(13, 6, 'Germany Pro', 'club', 'de', 193, 80, 57, 1, 22),
(13, 7, 'Japan Pro', 'club', 'jp', 45, 74, 14, 57, 3),
(13, 8, 'Brazil Pro', 'club', 'br', 51, 21, 15, 0, 6),
(13, 9, 'Australia Pro', 'club', 'au', 186, 80, 60, 14, 6),
(13, 10, 'Spain Pro', 'club', 'es', 173, 62, 57, 3, 2),
(14, 1, 'USA Team', 'national', 'us', 146, 50, 48, 0, 2),
(14, 2, 'China Team', 'national', 'cn', 81, 42, 24, 9, 9),
(14, 3, 'India Team', 'national', 'in', 49, 60, 16, 43, 1),
(14, 4, 'UK Team', 'national', 'gb', 97, 33, 32, 0, 1),
(14, 5, 'France Team', 'national', 'fr', 133, 56, 42, 7, 7),
(14, 6, 'Germany Team', 'national', 'de', 48, 45, 12, 21, 12),
(14, 7, 'Japan Team', 'national', 'jp', 96, 69, 32, 37, 0),
(14, 8, 'Brazil Team', 'national', 'br', 161, 67, 51, 8, 8),
(14, 9, 'Australia Team', 'national', 'au', 83, 44, 20, 1, 23),
(14, 10, 'Spain Team', 'national', 'es', 73, 74, 10, 21, 43),
(14, 1, 'USA Pro', 'club', 'us', 34, 20, 10, 6, 4),
(14, 2, 'China Pro', 'club', 'cn', 113, 61, 37, 22, 2),
(14, 3, 'India Pro', 'club', 'in', 101, 75, 28, 30, 17),
(14, 4, 'UK Pro', 'club', 'gb', 77, 38, 23, 7, 8),
(14, 5, 'France Pro', 'club', 'fr', 110, 67, 30, 17, 20),
(14, 6, 'Germany Pro', 'club', 'de', 102, 56, 33, 20, 3),
(14, 7, 'Japan Pro', 'club', 'jp', 51, 64, 11, 35, 18),
(14, 8, 'Brazil Pro', 'club', 'br', 178, 79, 54, 9, 16),
(14, 9, 'Australia Pro', 'club', 'au', 97, 38, 32, 5, 1),
(14, 10, 'Spain Pro', 'club', 'es', 51, 34, 10, 3, 21),
(15, 1, 'USA Team', 'national', 'us', 62, 33, 15, 1, 17),
(15, 2, 'China Team', 'national', 'cn', 136, 66, 45, 20, 1),
(15, 3, 'India Team', 'national', 'in', 126, 59, 34, 1, 24),
(15, 4, 'UK Team', 'national', 'gb', 60, 55, 17, 29, 9),
(15, 5, 'France Team', 'national', 'fr', 90, 72, 23, 28, 21),
(15, 6, 'Germany Team', 'national', 'de', 183, 68, 61, 7, 0),
(15, 7, 'Japan Team', 'national', 'jp', 104, 46, 29, 0, 17),
(15, 8, 'Brazil Team', 'national', 'br', 94, 71, 29, 35, 7),
(15, 9, 'Australia Team', 'national', 'au', 84, 53, 17, 3, 33),
(15, 10, 'Spain Team', 'national', 'es', 118, 44, 38, 2, 4),
(15, 1, 'USA Pro', 'club', 'us', 116, 56, 35, 10, 11),
(15, 2, 'China Pro', 'club', 'cn', 60, 21, 20, 1, 0),
(15, 3, 'India Pro', 'club', 'in', 85, 65, 22, 24, 19),
(15, 4, 'UK Pro', 'club', 'gb', 140, 59, 45, 9, 5),
(15, 5, 'France Pro', 'club', 'fr', 74, 33, 22, 3, 8),
(15, 6, 'Germany Pro', 'club', 'de', 160, 70, 45, 0, 25),
(15, 7, 'Japan Pro', 'club', 'jp', 165, 76, 54, 19, 3),
(15, 8, 'Brazil Pro', 'club', 'br', 165, 77, 55, 22, 0),
(15, 9, 'Australia Pro', 'club', 'au', 63, 25, 21, 4, 0),
(15, 10, 'Spain Pro', 'club', 'es', 99, 35, 33, 2, 0),
(16, 1, 'USA Team', 'national', 'us', 104, 42, 34, 6, 2),
(16, 2, 'China Team', 'national', 'cn', 93, 31, 31, 0, 0),
(16, 3, 'India Team', 'national', 'in', 195, 71, 65, 6, 0),
(16, 4, 'UK Team', 'national', 'gb', 53, 20, 17, 1, 2),
(16, 5, 'France Team', 'national', 'fr', 41, 42, 12, 25, 5),
(16, 6, 'Germany Team', 'national', 'de', 154, 71, 48, 13, 10),
(16, 7, 'Japan Team', 'national', 'jp', 45, 21, 12, 0, 9),
(16, 8, 'Brazil Team', 'national', 'br', 125, 57, 37, 6, 14),
(16, 9, 'Australia Team', 'national', 'au', 100, 50, 30, 10, 10),
(16, 10, 'Spain Team', 'national', 'es', 134, 57, 41, 5, 11),
(16, 1, 'USA Pro', 'club', 'us', 57, 23, 18, 2, 3),
(16, 2, 'China Pro', 'club', 'cn', 201, 74, 67, 7, 0),
(16, 3, 'India Pro', 'club', 'in', 93, 44, 25, 1, 18),
(16, 4, 'UK Pro', 'club', 'gb', 108, 70, 36, 34, 0),
(16, 5, 'France Pro', 'club', 'fr', 142, 73, 45, 21, 7),
(16, 6, 'Germany Pro', 'club', 'de', 132, 44, 44, 0, 0),
(16, 7, 'Japan Pro', 'club', 'jp', 181, 76, 56, 7, 13),
(16, 8, 'Brazil Pro', 'club', 'br', 115, 42, 38, 3, 1),
(16, 9, 'Australia Pro', 'club', 'au', 83, 61, 21, 20, 20),
(16, 10, 'Spain Pro', 'club', 'es', 165, 76, 52, 15, 9),
(17, 1, 'USA Team', 'national', 'us', 48, 22, 13, 0, 9),
(17, 2, 'China Team', 'national', 'cn', 65, 47, 13, 8, 26),
(17, 3, 'India Team', 'national', 'in', 41, 34, 11, 15, 8),
(17, 4, 'UK Team', 'national', 'gb', 41, 25, 13, 10, 2),
(17, 5, 'France Team', 'national', 'fr', 166, 58, 55, 2, 1),
(17, 6, 'Germany Team', 'national', 'de', 172, 73, 57, 15, 1),
(17, 7, 'Japan Team', 'national', 'jp', 64, 55, 17, 25, 13),
(17, 8, 'Brazil Team', 'national', 'br', 114, 49, 38, 11, 0),
(17, 9, 'Australia Team', 'national', 'au', 79, 46, 26, 19, 1),
(17, 10, 'Spain Team', 'national', 'es', 157, 66, 46, 1, 19),
(17, 1, 'USA Pro', 'club', 'us', 85, 35, 25, 0, 10),
(17, 2, 'China Pro', 'club', 'cn', 59, 46, 19, 25, 2),
(17, 3, 'India Pro', 'club', 'in', 86, 39, 27, 7, 5),
(17, 4, 'UK Pro', 'club', 'gb', 43, 20, 12, 1, 7),
(17, 5, 'France Pro', 'club', 'fr', 96, 62, 30, 26, 6),
(17, 6, 'Germany Pro', 'club', 'de', 165, 68, 51, 5, 12),
(17, 7, 'Japan Pro', 'club', 'jp', 87, 40, 24, 1, 15),
(17, 8, 'Brazil Pro', 'club', 'br', 127, 56, 42, 13, 1),
(17, 9, 'Australia Pro', 'club', 'au', 52, 24, 15, 2, 7),
(17, 10, 'Spain Pro', 'club', 'es', 76, 45, 22, 13, 10),
(18, 1, 'Verstappen', 'national', 'us', 119, 65, 37, 20, 8),
(18, 2, 'Norris', 'national', 'cn', 65, 30, 19, 3, 8),
(18, 3, 'Leclerc', 'national', 'in', 171, 79, 47, 2, 30),
(18, 4, 'Piastri', 'national', 'gb', 53, 44, 14, 19, 11),
(18, 5, 'Sainz', 'national', 'fr', 88, 67, 15, 9, 43),
(18, 6, 'Hamilton', 'national', 'de', 97, 45, 27, 2, 16),
(18, 7, 'Russell', 'national', 'jp', 80, 50, 20, 10, 20),
(18, 8, 'Perez', 'national', 'br', 84, 36, 26, 4, 6),
(18, 9, 'Alonso', 'national', 'au', 58, 40, 11, 4, 25),
(18, 10, 'Hulkenberg', 'national', 'es', 78, 76, 21, 40, 15),
(18, 1, 'McLaren', 'club', 'us', 131, 55, 42, 8, 5),
(18, 2, 'Red Bull', 'club', 'cn', 96, 56, 32, 24, 0),
(18, 3, 'Ferrari', 'club', 'in', 85, 49, 28, 20, 1),
(18, 4, 'Mercedes', 'club', 'gb', 43, 49, 12, 30, 7),
(18, 5, 'Aston Martin', 'club', 'fr', 149, 61, 48, 8, 5),
(18, 6, 'RB', 'club', 'de', 55, 43, 11, 10, 22),
(18, 7, 'Haas', 'club', 'jp', 61, 47, 13, 12, 22),
(18, 8, 'Williams', 'club', 'br', 163, 65, 54, 10, 1),
(18, 9, 'Alpine', 'club', 'au', 226, 77, 75, 1, 1),
(18, 10, 'Sauber', 'club', 'es', 151, 53, 50, 2, 1),
(19, 1, 'USA Team', 'national', 'us', 115, 51, 32, 0, 19),
(19, 2, 'China Team', 'national', 'cn', 93, 52, 25, 9, 18),
(19, 3, 'India Team', 'national', 'in', 124, 44, 40, 0, 4),
(19, 4, 'UK Team', 'national', 'gb', 120, 60, 39, 18, 3),
(19, 5, 'France Team', 'national', 'fr', 121, 64, 32, 7, 25),
(19, 6, 'Germany Team', 'national', 'de', 60, 37, 13, 3, 21),
(19, 7, 'Japan Team', 'national', 'jp', 56, 42, 18, 22, 2),
(19, 8, 'Brazil Team', 'national', 'br', 78, 48, 24, 18, 6),
(19, 9, 'Australia Team', 'national', 'au', 110, 40, 36, 2, 2),
(19, 10, 'Spain Team', 'national', 'es', 85, 39, 24, 2, 13),
(19, 1, 'USA Pro', 'club', 'us', 63, 24, 20, 1, 3),
(19, 2, 'China Pro', 'club', 'cn', 76, 26, 25, 0, 1),
(19, 3, 'India Pro', 'club', 'in', 59, 68, 11, 31, 26),
(19, 4, 'UK Pro', 'club', 'gb', 139, 80, 39, 19, 22),
(19, 5, 'France Pro', 'club', 'fr', 135, 52, 42, 1, 9),
(19, 6, 'Germany Pro', 'club', 'de', 172, 69, 56, 9, 4),
(19, 7, 'Japan Pro', 'club', 'jp', 58, 45, 18, 23, 4),
(19, 8, 'Brazil Pro', 'club', 'br', 56, 27, 17, 5, 5),
(19, 9, 'Australia Pro', 'club', 'au', 103, 75, 22, 16, 37),
(19, 10, 'Spain Pro', 'club', 'es', 46, 24, 11, 0, 13),
(20, 1, 'USA Team', 'national', 'us', 120, 45, 39, 3, 3),
(20, 2, 'China Team', 'national', 'cn', 133, 54, 44, 9, 1),
(20, 3, 'India Team', 'national', 'in', 180, 74, 60, 14, 0),
(20, 4, 'UK Team', 'national', 'gb', 44, 25, 12, 5, 8),
(20, 5, 'France Team', 'national', 'fr', 86, 41, 27, 9, 5),
(20, 6, 'Germany Team', 'national', 'de', 38, 50, 12, 36, 2),
(20, 7, 'Japan Team', 'national', 'jp', 102, 43, 33, 7, 3),
(20, 8, 'Brazil Team', 'national', 'br', 38, 22, 12, 8, 2),
(20, 9, 'Australia Team', 'national', 'au', 70, 45, 15, 5, 25),
(20, 10, 'Spain Team', 'national', 'es', 215, 75, 71, 2, 2),
(20, 1, 'USA Pro', 'club', 'us', 66, 23, 22, 1, 0),
(20, 2, 'China Pro', 'club', 'cn', 122, 61, 31, 1, 29),
(20, 3, 'India Pro', 'club', 'in', 119, 77, 33, 24, 20),
(20, 4, 'UK Pro', 'club', 'gb', 127, 64, 36, 9, 19),
(20, 5, 'France Pro', 'club', 'fr', 160, 68, 53, 14, 1),
(20, 6, 'Germany Pro', 'club', 'de', 105, 39, 34, 2, 3),
(20, 7, 'Japan Pro', 'club', 'jp', 108, 71, 25, 13, 33),
(20, 8, 'Brazil Pro', 'club', 'br', 67, 31, 21, 6, 4),
(20, 9, 'Australia Pro', 'club', 'au', 108, 54, 34, 14, 6),
(20, 10, 'Spain Pro', 'club', 'es', 82, 65, 23, 29, 13),
(21, 1, 'USA Team', 'national', 'us', 118, 69, 28, 7, 34),
(21, 2, 'China Team', 'national', 'cn', 136, 50, 44, 2, 4),
(21, 3, 'India Team', 'national', 'in', 79, 60, 13, 7, 40),
(21, 4, 'UK Team', 'national', 'gb', 101, 51, 33, 16, 2),
(21, 5, 'France Team', 'national', 'fr', 69, 65, 17, 30, 18),
(21, 6, 'Germany Team', 'national', 'de', 59, 31, 15, 2, 14),
(21, 7, 'Japan Team', 'national', 'jp', 39, 66, 10, 47, 9),
(21, 8, 'Brazil Team', 'national', 'br', 144, 59, 43, 1, 15),
(21, 9, 'Australia Team', 'national', 'au', 218, 78, 72, 4, 2),
(21, 10, 'Spain Team', 'national', 'es', 77, 55, 11, 0, 44),
(21, 1, 'USA Pro', 'club', 'us', 48, 24, 16, 8, 0),
(21, 2, 'China Pro', 'club', 'cn', 124, 54, 39, 8, 7),
(21, 3, 'India Pro', 'club', 'in', 43, 26, 14, 11, 1),
(21, 4, 'UK Pro', 'club', 'gb', 148, 54, 48, 2, 4),
(21, 5, 'France Pro', 'club', 'fr', 65, 62, 20, 37, 5),
(21, 6, 'Germany Pro', 'club', 'de', 42, 39, 10, 17, 12),
(21, 7, 'Japan Pro', 'club', 'jp', 120, 49, 37, 3, 9),
(21, 8, 'Brazil Pro', 'club', 'br', 69, 55, 21, 28, 6),
(21, 9, 'Australia Pro', 'club', 'au', 85, 45, 26, 12, 7),
(21, 10, 'Spain Pro', 'club', 'es', 113, 65, 36, 24, 5);


DROP TABLE IF EXISTS `site_settings`;
CREATE TABLE `site_settings` (
  `setting_key` varchar(100) NOT NULL,
  `setting_value` text,
  `setting_group` varchar(50) DEFAULT 'general',
  PRIMARY KEY (`setting_key`)
) ENGINE=InnoDB DEFAULT CHARSET=utf8mb4;

INSERT INTO `site_settings` (`setting_key`, `setting_value`, `setting_group`) VALUES
('site_title', 'Sporting Rank | Sport Rank | Sports Ranking', 'general'),
('site_tagline', 'Rankings for the world\'s top sports', 'general'),
('meta_description', 'Check latest rankings for Soccer, Cricket, MMA, F1 and more.', 'seo'),
('google_tag_manager', 'GTM-KHV4WRSQ', 'analytics'),
('google_search_console', 'GSC_VERIFICATION_TOKEN_HERE', 'analytics'),
('google_analytics', 'G-XXXXXXXXXX', 'analytics'),
('social_facebook', 'https://facebook.com/sportingrank', 'social'),
('social_twitter', 'https://twitter.com/sportingrank', 'social'),
('social_instagram', 'https://instagram.com/sportingrank', 'social'),
('social_youtube', 'https://youtube.com/sportingrank', 'social');

DROP TABLE IF EXISTS `admin_users`;
CREATE TABLE `admin_users` (
  `id` int(11) NOT NULL AUTO_INCREMENT,
  `username` varchar(100) NOT NULL,
  `password_hash` varchar(255) NOT NULL,
  `email` varchar(255) DEFAULT NULL,
  PRIMARY KEY (`id`),
  UNIQUE KEY `username` (`username`)
) ENGINE=InnoDB DEFAULT CHARSET=utf8mb4;

INSERT INTO `admin_users` (`username`, `password_hash`, `email`) VALUES
('admin', '$2y$10$NFyZJKAnwUOmmmQq0L8wEejkl1aZoSotFigPq2cBY67qLjtSO/kyS', 'admin@sportingrank.com');

DROP TABLE IF EXISTS `languages`;
CREATE TABLE `languages` (
  `id` int(11) NOT NULL AUTO_INCREMENT,
  `code` varchar(5) NOT NULL,
  `name` varchar(50) NOT NULL,
  `flag` varchar(5) NOT NULL,
  `is_rtl` tinyint(1) NOT NULL DEFAULT 0,
  PRIMARY KEY (`id`),
  UNIQUE KEY `code` (`code`)
) ENGINE=InnoDB DEFAULT CHARSET=utf8mb4;

INSERT INTO `languages` (`code`, `name`, `flag`, `is_rtl`) VALUES
('en', 'English', '🇺🇸', 0), ('fr', 'Français', '🇫🇷', 0), ('es', 'Español', '🇪🇸', 0), ('ar', 'العربية', '🇸🇦', 1);

DROP TABLE IF EXISTS `translations`;
CREATE TABLE `translations` (
  `id` int(11) NOT NULL AUTO_INCREMENT,
  `lang_code` varchar(5) NOT NULL,
  `tkey` varchar(120) NOT NULL,
  `tvalue` text NOT NULL,
  PRIMARY KEY (`id`),
  UNIQUE KEY `lang_key` (`lang_code`,`tkey`)
) ENGINE=InnoDB DEFAULT CHARSET=utf8mb4;

INSERT INTO `translations` (`lang_code`, `tkey`, `tvalue`) VALUES
('en', 'nav.rankings', 'Rankings'), ('en', 'label.men', 'Men'), ('en', 'label.women', 'Women'),
('en', 'nav.national', 'National'), ('en', 'nav.leagues', 'Leagues'),
('en', 'nav.full_standings', 'Full Standings'), ('en', 'label.SportingRank', 'Sporting Rank'), ('en', 'label.pts', 'pts');

DROP TABLE IF EXISTS `blogs`;
CREATE TABLE `blogs` (
  `id` int(11) NOT NULL AUTO_INCREMENT,
  `title` varchar(255) NOT NULL,
  `slug` varchar(255) NOT NULL,
  `content` text,
  `excerpt` text,
  `featured_image` varchar(255) DEFAULT NULL,
  `is_published` tinyint(1) DEFAULT 0,
  `created_at` timestamp DEFAULT CURRENT_TIMESTAMP,
  PRIMARY KEY (`id`),
  UNIQUE KEY `slug` (`slug`)
) ENGINE=InnoDB DEFAULT CHARSET=utf8mb4;

DROP TABLE IF EXISTS `backlinks`;
CREATE TABLE `backlinks` (
  `id` int(11) NOT NULL AUTO_INCREMENT,
  `title` varchar(255) NOT NULL,
  `url` varchar(255) NOT NULL,
  `rel` varchar(50) DEFAULT 'nofollow',
  `is_active` tinyint(1) DEFAULT 1,
  PRIMARY KEY (`id`)
) ENGINE=InnoDB DEFAULT CHARSET=utf8mb4;

DROP TABLE IF EXISTS `activity_log`;
CREATE TABLE `activity_log` (
  `id` int(11) NOT NULL AUTO_INCREMENT,
  `user_id` int(11),
  `action` text,
  `created_at` datetime DEFAULT CURRENT_TIMESTAMP,
  PRIMARY KEY (`id`)
) ENGINE=InnoDB DEFAULT CHARSET=utf8mb4;

SET FOREIGN_KEY_CHECKS=1;
COMMIT;
